{
	"deployable": true,
	"hidden_in_system_deployment": false,
	"source_type_id": "csvfiles",
	"source_type_name": "CSV Files",
	"source_type_parameters": [
		{
			"source_type_parameter_id": "directorypath",
			"source_type_parameter_value": "/files/scd"
		},
		{
			"source_type_parameter_id": "extension",
			"source_type_parameter_value": "csv"
		},
		{
			"source_type_parameter_id": "delimiter",
			"source_type_parameter_value": ","
		},
		{
			"source_type_parameter_id": "noheader",
			"source_type_parameter_value": true
		},
		{
			"source_type_parameter_id": "charset",
			"source_type_parameter_value": "UTF-8"
		},
		{
			"source_type_parameter_id": "ignorenonparseablelines",
			"source_type_parameter_value": false
		},
		{
			"source_type_parameter_id": "indexedfiles",
			"source_type_parameter_value": false
		},
		{
			"source_type_parameter_id": "filetailpattern",
			"source_type_parameter_value": ""
		},
		{
			"source_type_parameter_id": "filetailparts",
			"source_type_parameter_value": ""
		},
		{
			"source_type_parameter_id": "filetailprepend",
			"source_type_parameter_value": false
		}
	],
	"source_type_url": "jdbc:relique:csv:/files/scd?suppressHeaders=false&separator=%2C&charset=UTF-8&ignoreNonParseableLines=false&fileExtension=.csv&indexedFiles=false&fileTailPattern=&fileTailParts=<filetailparts>&fileTailPrepend=false",
	"system_color": "#990000",
	"system_comment": "",
	"system_id": "fl",
	"system_name": "Flights"
}