{
	"businessobject_comment": "",
	"businessobject_display_name": "Flight > Flights > As Was",
	"businessobject_dropdown_entry_string": "Flight - As Was",
	"businessobject_elements": [
		{
			"columns": [
				{
					"column_comment": "Business Key for Hub Flight",
					"column_id": "datavault.h_flight.flight_bk",
					"column_name": "Business Key for Hub Flight",
					"column_name_detail": "flight_bk",
					"column_nq_id": "flight_bk",
					"column_order": 1,
					"column_orig_name": "Business Key for Hub Flight",
					"conversion_type": null
				},
				{
					"column_comment": "",
					"column_id": "businessobjects.flight_s_fl_c_as_was_h.flight_s_fl_c_as_was_h_lt",
					"column_name": "flight_s_fl_c_as_was_h_lt",
					"column_name_detail": "flight_s_fl_c_as_was_h_lt",
					"column_nq_id": "flight_s_fl_c_as_was_h_lt",
					"column_order": 2,
					"column_orig_name": "flight_s_fl_c_as_was_h_lt",
					"conversion_type": null
				},
				{
					"column_comment": "",
					"column_id": "businessobjects.flight_s_fl_c_as_was_h.flight_s_fl_c_as_was_h_lt_end",
					"column_name": "flight_s_fl_c_as_was_h_lt_end",
					"column_name_detail": "flight_s_fl_c_as_was_h_lt_end",
					"column_nq_id": "flight_s_fl_c_as_was_h_lt_end",
					"column_order": 3,
					"column_orig_name": "flight_s_fl_c_as_was_h_lt_end",
					"conversion_type": null
				},
				{
					"column_comment": "",
					"column_id": "businessobjects.flight_s_fl_c_as_was_h.flight_s_fl_c_as_was_h_bklt",
					"column_name": "flight_s_fl_c_as_was_h_bklt",
					"column_name_detail": "flight_s_fl_c_as_was_h_bklt",
					"column_nq_id": "flight_s_fl_c_as_was_h_bklt",
					"column_order": 4,
					"column_orig_name": "flight_s_fl_c_as_was_h_bklt",
					"conversion_type": null
				}
			],
			"path_id": "{\"businessobject_path\":{\"hubs\":[{\"hub_id\":\"h_flight\"}]}}"
		},
		{
			"columns": [
				{
					"column_comment": "",
					"column_id": "datavault.s_flight_s_fl_r_Flight_h.Date",
					"column_name": "Date",
					"column_name_detail": "",
					"column_nq_id": "Date",
					"column_order": 5,
					"column_orig_name": "Date",
					"complete_data_type": "varchar(8000)",
					"conversion_type": null
				},
				{
					"column_comment": "",
					"column_id": "datavault.s_flight_s_fl_r_Flight_h.Arrival Time",
					"column_name": "Arrival Time",
					"column_name_detail": "",
					"column_nq_id": "Arrival Time",
					"column_order": 6,
					"column_orig_name": "Arrival Time",
					"complete_data_type": "varchar(8000)",
					"conversion_type": null
				},
				{
					"column_comment": "Load Time Satellite Flight > Flights > Default of Flight",
					"column_id": "datavault.s_flight_s_fl_r_Flight_h.flight_s_fl_r_Flight_lth",
					"column_name": "LTS Flight - Flights - Default of Flight",
					"column_name_detail": "flight_s_fl_r_Flight_lth",
					"column_nq_id": "flight_s_fl_r_Flight_lth",
					"column_order": 7,
					"column_orig_name": "LTS Flight - Flights - Default of Flight",
					"complete_data_type": "datetime2(7)",
					"conversion_type": null
				}
			],
			"path_id": "{\"businessobject_path\":{\"hubs\":[{\"hub_id\":\"h_flight\",\"satellites\":[{\"satellite_id\":\"s_flight_s_fl_r_Flight\"}]}]}}"
		},
		{
			"columns": [
				{
					"column_comment": "",
					"column_id": "datavault.s_airline_s_fl_r_Airline_h.Airline Name",
					"column_name": "Airline Name",
					"column_name_detail": "",
					"column_nq_id": "Airline Name",
					"column_order": 8,
					"column_orig_name": "Airline Name",
					"complete_data_type": "varchar(8000)",
					"conversion_type": null
				},
				{
					"column_comment": "Load Time Satellite Airline > Flights > Default of Airline",
					"column_id": "datavault.s_airline_s_fl_r_Airline_h.airline_s_fl_r_Airline_lth",
					"column_name": "LTS Airline - Flights - Default of Airline",
					"column_name_detail": "airline_s_fl_r_Airline_lth",
					"column_nq_id": "airline_s_fl_r_Airline_lth",
					"column_order": 9,
					"column_orig_name": "LTS Airline - Flights - Default of Airline",
					"complete_data_type": "datetime2(7)",
					"conversion_type": null
				}
			],
			"path_id": "{\"businessobject_path\":{\"hubs\":[{\"hub_id\":\"h_flight\",\"links\":[{\"link_id\":\"l_flight_t_airline\",\"hubs\":[{\"hub_id\":\"h_airline\",\"satellites\":[{\"satellite_id\":\"s_airline_s_fl_r_Airline\"}]}]}]}]}}"
		}
	],
	"businessobject_set_id": "businessobject_set_h_flight_c_as_was",
	"businessobject_structure": null,
	"businessobject_view_id": "businessobjects.flight_s_fl_c_as_was_h",
	"dependent_objects": [
		{
			"object_id": "businessobjects_pits.p_airline",
			"object_type": "unknown_object"
		},
		{
			"object_id": "businessobjects_pits.p_flight",
			"object_type": "unknown_object"
		},
		{
			"object_id": "s_airline_s_fl_r_Airline",
			"object_type": "satellite"
		},
		{
			"object_id": "s_flight_s_fl_r_Flight",
			"object_type": "satellite"
		}
	],
	"granularity_satellite_id": "s_flight_s_fl_r_Flight",
	"scd_type": 2,
	"system_id": "fl",
	"system_name": "Flights"
}