{
	"businessobject_comment": "",
	"businessobject_display_name": "Flight > Flights > As Is",
	"businessobject_dropdown_entry_string": "Flight - As Is",
	"businessobject_elements": [
		{
			"columns": [
				{
					"column_comment": "Business Key for Hub Flight",
					"column_id": "datavault.h_flight.flight_bk",
					"column_name": "Business Key for Hub Flight",
					"column_name_detail": "flight_bk",
					"column_nq_id": "flight_bk",
					"column_order": 1,
					"column_orig_name": "Business Key for Hub Flight",
					"conversion_type": null
				}
			],
			"path_id": "{\"businessobject_path\":{\"hubs\":[{\"hub_id\":\"h_flight\"}]}}"
		},
		{
			"columns": [
				{
					"column_comment": "",
					"column_id": "datavault.s_flight_s_fl_r_Flight_c.Airline",
					"column_name": "Airline",
					"column_name_detail": "",
					"column_nq_id": "Airline",
					"column_order": 2,
					"column_orig_name": "Airline",
					"complete_data_type": "varchar(8000)",
					"conversion_type": null
				},
				{
					"column_comment": "",
					"column_id": "datavault.s_flight_s_fl_r_Flight_c.Origin Airport",
					"column_name": "Origin Airport",
					"column_name_detail": "",
					"column_nq_id": "Origin Airport",
					"column_order": 3,
					"column_orig_name": "Origin Airport",
					"complete_data_type": "varchar(8000)",
					"conversion_type": null
				},
				{
					"column_comment": "",
					"column_id": "datavault.s_flight_s_fl_r_Flight_c.Destination Airport",
					"column_name": "Destination Airport",
					"column_name_detail": "",
					"column_nq_id": "Destination Airport",
					"column_order": 4,
					"column_orig_name": "Destination Airport",
					"complete_data_type": "varchar(8000)",
					"conversion_type": null
				},
				{
					"column_comment": "",
					"column_id": "datavault.s_flight_s_fl_r_Flight_c.Departure Time",
					"column_name": "Departure Time",
					"column_name_detail": "",
					"column_nq_id": "Departure Time",
					"column_order": 6,
					"column_orig_name": "Departure Time",
					"complete_data_type": "varchar(8000)",
					"conversion_type": null
				},
				{
					"column_comment": "",
					"column_id": "datavault.s_flight_s_fl_r_Flight_c.Arrival Time",
					"column_name": "Arrival Time",
					"column_name_detail": "",
					"column_nq_id": "Arrival Time",
					"column_order": 7,
					"column_orig_name": "Arrival Time",
					"complete_data_type": "varchar(8000)",
					"conversion_type": null
				},
				{
					"column_comment": "",
					"column_id": "datavault.s_flight_s_fl_r_Flight_c.Date",
					"column_name": "Date",
					"column_name_detail": "",
					"column_nq_id": "Date",
					"column_order": 8,
					"column_orig_name": "Date",
					"complete_data_type": "varchar(8000)",
					"conversion_type": null
				}
			],
			"path_id": "{\"businessobject_path\":{\"hubs\":[{\"hub_id\":\"h_flight\",\"satellites\":[{\"satellite_id\":\"s_flight_s_fl_r_Flight\"}]}]}}"
		},
		{
			"columns": [
				{
					"column_comment": "",
					"column_id": "datavault.s_airline_s_fl_r_Airline_c.Airline Name",
					"column_name": "Airline Name",
					"column_name_detail": "",
					"column_nq_id": "Airline Name",
					"column_order": 5,
					"column_orig_name": "Airline Name",
					"complete_data_type": "varchar(8000)",
					"conversion_type": null
				}
			],
			"path_id": "{\"businessobject_path\":{\"hubs\":[{\"hub_id\":\"h_flight\",\"links\":[{\"link_id\":\"l_flight_t_airline\",\"hubs\":[{\"hub_id\":\"h_airline\",\"satellites\":[{\"satellite_id\":\"s_airline_s_fl_r_Airline\"}]}]}]}]}}"
		}
	],
	"businessobject_set_id": "businessobject_set_h_flight_c_as_is",
	"businessobject_structure": null,
	"businessobject_view_id": "businessobjects.flight_s_fl_c_as_is",
	"dependent_objects": [
		{
			"object_id": "h_airline",
			"object_type": "hub"
		},
		{
			"object_id": "h_flight",
			"object_type": "hub"
		},
		{
			"object_id": "l_flight_t_airline",
			"object_type": "link"
		},
		{
			"object_id": "no_pits",
			"object_type": "unknown_object"
		},
		{
			"object_id": "s_airline_s_fl_r_Airline",
			"object_type": "satellite"
		},
		{
			"object_id": "s_flight_s_fl_r_Flight",
			"object_type": "satellite"
		}
	],
	"granularity_satellite_id": "s_flight_s_fl_r_Flight",
	"scd_type": 1,
	"system_id": "fl",
	"system_name": "Flights"
}