{
	"column_ids": [
		{
			"character_maximum_length": 8000,
			"column_comment": "",
			"column_id": "datavault.s_airline_s_fl_r_Airline_h.Airline Code",
			"column_is_used": true,
			"column_name": "Airline Code",
			"column_name_detail": "",
			"column_nq_id": "Airline Code",
			"column_order": 1,
			"column_type": "attribute",
			"complete_data_type": "varchar(8000)",
			"conversion_type": null,
			"data_type": "varchar",
			"datetime_precision": null,
			"numeric_precision": 0,
			"numeric_scale": 0
		},
		{
			"character_maximum_length": 8000,
			"column_comment": "",
			"column_id": "datavault.s_airline_s_fl_r_Airline_h.Airline Name",
			"column_is_used": true,
			"column_name": "Airline Name",
			"column_name_detail": "",
			"column_nq_id": "Airline Name",
			"column_order": 2,
			"column_type": "attribute",
			"complete_data_type": "varchar(8000)",
			"conversion_type": null,
			"data_type": "varchar",
			"datetime_precision": null,
			"numeric_precision": 0,
			"numeric_scale": 0
		}
	],
	"functional_suffix_id": "",
	"functional_suffix_name": "Default of Airline",
	"hub_id": "h_airline",
	"satellite_comment": "",
	"satellite_id": "s_airline_s_fl_r_Airline",
	"satellite_is_prototype": false,
	"satellite_subject_area_name": "",
	"staging_resource_id": "Airline",
	"staging_table_id": "staging.fl_r_Airline",
	"system_id": "fl"
}