{
	"column_ids": [
		{
			"character_maximum_length": 8000,
			"column_comment": "",
			"column_id": "datavault.s_flight_s_fl_r_Flight_h.Flight",
			"column_is_used": true,
			"column_name": "Flight",
			"column_name_detail": "",
			"column_nq_id": "Flight",
			"column_order": 1,
			"column_type": "attribute",
			"complete_data_type": "varchar(8000)",
			"conversion_type": null,
			"data_type": "varchar",
			"datetime_precision": null,
			"numeric_precision": 0,
			"numeric_scale": 0
		},
		{
			"character_maximum_length": 8000,
			"column_comment": "",
			"column_id": "datavault.s_flight_s_fl_r_Flight_h.Airline",
			"column_is_used": true,
			"column_name": "Airline",
			"column_name_detail": "",
			"column_nq_id": "Airline",
			"column_order": 2,
			"column_type": "attribute",
			"complete_data_type": "varchar(8000)",
			"conversion_type": null,
			"data_type": "varchar",
			"datetime_precision": null,
			"numeric_precision": 0,
			"numeric_scale": 0
		},
		{
			"character_maximum_length": 8000,
			"column_comment": "",
			"column_id": "datavault.s_flight_s_fl_r_Flight_h.Origin Airport",
			"column_is_used": true,
			"column_name": "Origin Airport",
			"column_name_detail": "",
			"column_nq_id": "Origin Airport",
			"column_order": 3,
			"column_type": "attribute",
			"complete_data_type": "varchar(8000)",
			"conversion_type": null,
			"data_type": "varchar",
			"datetime_precision": null,
			"numeric_precision": 0,
			"numeric_scale": 0
		},
		{
			"character_maximum_length": 8000,
			"column_comment": "",
			"column_id": "datavault.s_flight_s_fl_r_Flight_h.Destination Airport",
			"column_is_used": true,
			"column_name": "Destination Airport",
			"column_name_detail": "",
			"column_nq_id": "Destination Airport",
			"column_order": 4,
			"column_type": "attribute",
			"complete_data_type": "varchar(8000)",
			"conversion_type": null,
			"data_type": "varchar",
			"datetime_precision": null,
			"numeric_precision": 0,
			"numeric_scale": 0
		},
		{
			"character_maximum_length": 8000,
			"column_comment": "",
			"column_id": "datavault.s_flight_s_fl_r_Flight_h.Date",
			"column_is_used": true,
			"column_name": "Date",
			"column_name_detail": "",
			"column_nq_id": "Date",
			"column_order": 5,
			"column_type": "attribute",
			"complete_data_type": "varchar(8000)",
			"conversion_type": null,
			"data_type": "varchar",
			"datetime_precision": null,
			"numeric_precision": 0,
			"numeric_scale": 0
		},
		{
			"character_maximum_length": 8000,
			"column_comment": "",
			"column_id": "datavault.s_flight_s_fl_r_Flight_h.Departure Time",
			"column_is_used": true,
			"column_name": "Departure Time",
			"column_name_detail": "",
			"column_nq_id": "Departure Time",
			"column_order": 6,
			"column_type": "attribute",
			"complete_data_type": "varchar(8000)",
			"conversion_type": null,
			"data_type": "varchar",
			"datetime_precision": null,
			"numeric_precision": 0,
			"numeric_scale": 0
		},
		{
			"character_maximum_length": 8000,
			"column_comment": "",
			"column_id": "datavault.s_flight_s_fl_r_Flight_h.Arrival Time",
			"column_is_used": true,
			"column_name": "Arrival Time",
			"column_name_detail": "",
			"column_nq_id": "Arrival Time",
			"column_order": 7,
			"column_type": "attribute",
			"complete_data_type": "varchar(8000)",
			"conversion_type": null,
			"data_type": "varchar",
			"datetime_precision": null,
			"numeric_precision": 0,
			"numeric_scale": 0
		}
	],
	"functional_suffix_id": "",
	"functional_suffix_name": "Default of Flight",
	"hub_id": "h_flight",
	"satellite_comment": "",
	"satellite_id": "s_flight_s_fl_r_Flight",
	"satellite_is_prototype": false,
	"satellite_subject_area_name": "Flights",
	"staging_resource_id": "Flight",
	"staging_table_id": "staging.fl_r_Flight",
	"system_id": "fl"
}