{
	"columns": [
		{
			"column_comment": null,
			"column_id": "staging.fl_r_Flight.Flight",
			"column_name": "Flight",
			"column_order": 1,
			"complete_data_type": "varchar(8000)",
			"jdbc_data_type": {
				"character_maximum_length": 8000,
				"data_type_name": "varchar",
				"jdbc_data_type_id": 12,
				"numeric_precision": 0,
				"numeric_scale": 0
			}
		},
		{
			"column_comment": null,
			"column_id": "staging.fl_r_Flight.Airline",
			"column_name": "Airline",
			"column_order": 2,
			"complete_data_type": "varchar(8000)",
			"jdbc_data_type": {
				"character_maximum_length": 8000,
				"data_type_name": "varchar",
				"jdbc_data_type_id": 12,
				"numeric_precision": 0,
				"numeric_scale": 0
			}
		},
		{
			"column_comment": null,
			"column_id": "staging.fl_r_Flight.Origin Airport",
			"column_name": "Origin Airport",
			"column_order": 3,
			"complete_data_type": "varchar(8000)",
			"jdbc_data_type": {
				"character_maximum_length": 8000,
				"data_type_name": "varchar",
				"jdbc_data_type_id": 12,
				"numeric_precision": 0,
				"numeric_scale": 0
			}
		},
		{
			"column_comment": null,
			"column_id": "staging.fl_r_Flight.Destination Airport",
			"column_name": "Destination Airport",
			"column_order": 4,
			"complete_data_type": "varchar(8000)",
			"jdbc_data_type": {
				"character_maximum_length": 8000,
				"data_type_name": "varchar",
				"jdbc_data_type_id": 12,
				"numeric_precision": 0,
				"numeric_scale": 0
			}
		},
		{
			"column_comment": null,
			"column_id": "staging.fl_r_Flight.Date",
			"column_name": "Date",
			"column_order": 5,
			"complete_data_type": "varchar(8000)",
			"jdbc_data_type": {
				"character_maximum_length": 8000,
				"data_type_name": "varchar",
				"jdbc_data_type_id": 12,
				"numeric_precision": 0,
				"numeric_scale": 0
			}
		},
		{
			"column_comment": null,
			"column_id": "staging.fl_r_Flight.Departure Time",
			"column_name": "Departure Time",
			"column_order": 6,
			"complete_data_type": "varchar(8000)",
			"jdbc_data_type": {
				"character_maximum_length": 8000,
				"data_type_name": "varchar",
				"jdbc_data_type_id": 12,
				"numeric_precision": 0,
				"numeric_scale": 0
			}
		},
		{
			"column_comment": null,
			"column_id": "staging.fl_r_Flight.Arrival Time",
			"column_name": "Arrival Time",
			"column_order": 7,
			"complete_data_type": "varchar(8000)",
			"jdbc_data_type": {
				"character_maximum_length": 8000,
				"data_type_name": "varchar",
				"jdbc_data_type_id": 12,
				"numeric_precision": 0,
				"numeric_scale": 0
			}
		}
	],
	"loading_batch_size": 50000,
	"source_schema_name": "Default Schema",
	"source_schema_or_system_id": "default_schema",
	"source_table_id": "Flight",
	"source_table_name": "Flight",
	"source_table_staging_id": "Flight",
	"source_table_type_id": "TABLE",
	"staging_table_comment": null,
	"staging_table_display_string": "Flight [fl_r_Flight]",
	"staging_table_id": "staging.fl_r_Flight",
	"staging_table_name": "Flight",
	"system_id": "fl",
	"where_clause_delta_part_template": null,
	"where_clause_general_part": null
}