{
	"columns": [
		{
			"column_comment": null,
			"column_id": "staging.fl_r_Airline.Airline Code",
			"column_name": "Airline Code",
			"column_order": 1,
			"complete_data_type": "varchar(8000)",
			"jdbc_data_type": {
				"character_maximum_length": 8000,
				"data_type_name": "varchar",
				"jdbc_data_type_id": 12,
				"numeric_precision": 0,
				"numeric_scale": 0
			}
		},
		{
			"column_comment": null,
			"column_id": "staging.fl_r_Airline.Airline Name",
			"column_name": "Airline Name",
			"column_order": 2,
			"complete_data_type": "varchar(8000)",
			"jdbc_data_type": {
				"character_maximum_length": 8000,
				"data_type_name": "varchar",
				"jdbc_data_type_id": 12,
				"numeric_precision": 0,
				"numeric_scale": 0
			}
		}
	],
	"loading_batch_size": 50000,
	"source_schema_name": "Default Schema",
	"source_schema_or_system_id": "default_schema",
	"source_table_id": "Airline",
	"source_table_name": "Airline",
	"source_table_staging_id": "Airline",
	"source_table_type_id": "TABLE",
	"staging_table_comment": null,
	"staging_table_display_string": "Airline [fl_r_Airline]",
	"staging_table_id": "staging.fl_r_Airline",
	"staging_table_name": "Airline",
	"system_id": "fl",
	"where_clause_delta_part_template": null,
	"where_clause_general_part": null
}