{
	"business_key_prefix": "",
	"business_key_short": "Flight, Date, Origin Airport, Airline",
	"column_ids": [
		{
			"column_id": "staging.fl_r_Flight.Flight",
			"column_order": 1
		},
		{
			"column_id": "staging.fl_r_Flight.Date",
			"column_order": 2
		},
		{
			"column_id": "staging.fl_r_Flight.Origin Airport",
			"column_order": 3
		},
		{
			"column_id": "staging.fl_r_Flight.Airline",
			"column_order": 4
		}
	],
	"datavault_category_id": "raw_vault",
	"hub_id": "h_flight",
	"hub_load_display_name": "Flights: FLIGHT (Flight, Date, Origin Airport, Airline)",
	"hub_load_id": "h_flight_s_fl_r_Flight",
	"keys_are_prehashed": false,
	"keys_are_unique": true,
	"staging_table_id": "staging.fl_r_Flight",
	"system_id": "fl",
	"system_name": "Flights"
}