{
	"accesslayer_priorization": 1,
	"additional_deployment_parameters": {
		"business_ruleset_hierarchy_level": 0
	},
	"alias_schema_id": null,
	"alias_view_nq_id": null,
	"business_rules_view_code": "Derived from column_nq_ids",
	"business_ruleset_comment": null,
	"business_ruleset_name": "Unaltered default",
	"business_ruleset_order": 1,
	"business_ruleset_suffix_id": null,
	"business_ruleset_view_id": "business_rules.flight_s_fl_c_as_is",
	"column_nq_ids": [
		"Airline",
		"Airline Name",
		"Arrival Time",
		"Business Key for Hub Flight",
		"Date",
		"Departure Time",
		"Destination Airport",
		"Origin Airport"
	],
	"container_id": "h_flight_c_as_is",
	"dependent_objects": [
		{
			"object_id": "businessobjects.flight_s_fl_c_as_is",
			"object_type": "business_object"
		}
	],
	"include_in_accesslayer": false,
	"is_error_ruleset": false,
	"is_unaltered_business_ruleset": true,
	"quick_inserts": {
		"quick_insert_list": [
			{
				"quick_insert_table_id": "businessobjects.flight_s_fl_c_as_is"
			}
		]
	},
	"system_id": "fl"
}